Element,Relevance,cycle,Pathway,pathway name,gene,gene_name,key_gene,energyRole,biogeoSubstrate,Metal,KO,References
Arsenic,Biogeochemistry,Arsenic,AsOx,Arsenite oxidation,aoxA,arsenite oxidase small subunit [EC:1.20.2.1 1.20.9.1],yes,D,Arsenite,,K08355,
Arsenic,Biogeochemistry,Arsenic,AsOx,Arsenite oxidation,aoxB,arsenite oxidase large subunit [EC:1.20.2.1 1.20.9.1],yes,D,Arsenite,,K08356,
Arsenic,Biogeochemistry,Arsenic,AsRed,Dissimilatory arsenic reduction (arsRBC or arsRDABC),arsC,arsenate reductase,yes,A,Arsenate,"Mo, W",K00537,
Arsenic,Biogeochemistry,Arsenic,AsRed,Dissimilatory arsenic reduction (arsRBC or arsRDABC),arsC,arsenate reductase  (glutaredoxin),yes,A,Arsenate,"Mo, W",K03741,
Carbon,Biogeochemistry,Fermentation,Acetate,Mixed acid: acetate,poxB,pyruvate dehydrogenase (quinone) [EC:1.2.5.1],,D,Organic carbon,FAD,K00156,
Carbon,Biogeochemistry,Fermentation,Acetate,Mixed acid: acetate,poxL,pyruvate oxidase [EC:1.2.3.3],,D,Organic carbon,"Mg2+,Mn2+",K00158,
Carbon,Biogeochemistry,Fermentation,Acetate,Mixed acid: acetate,lctO,lactate 2-monooxygenase [EC:1.13.12.4],,D,Organic carbon,//,K00467,
Carbon,Biogeochemistry,Fermentation,Acetate,Mixed acid: acetate,lctO,lactate 2-monooxygenase [EC:1.13.12.4],,D,Organic carbon,,K01067,
Carbon,Biogeochemistry,Fermentation,Ethanol,"Mixed acid: ethanol, Acetyl-CoA to acetylaldehyde (reversible)",dmpF,acetaldehyde dehydrogenase (acetylating) [EC:1.2.1.10],,D,Organic carbon,,K00132,
Carbon,Biogeochemistry,Fermentation,Ethanol,"Mixed acid: ethanol, Acetyl-CoA to acetylaldehyde (reversible)",adhE,acetaldehyde dehydrogenase / alcohol dehydrogenase [EC:1.2.1.10 1.1.1.1],,D,Organic carbon,,K04072,
Carbon,Biogeochemistry,Fermentation,Ethanol,"Mixed acid: ethanol, Acetyl-CoA to acetylaldehyde (reversible)",dmpF,acetaldehyde dehydrogenase [EC:1.2.1.10],,D,Organic carbon,,K04073,
Carbon,Biogeochemistry,Fermentation,Ethanol,"Mixed acid: ethanol, acetylaldehyde to ethanol","mdh1, mxaF",methanol dehydrogenase (cytochrome c) subunit 1 [EC:1.1.2.7],,D,Organic carbon,Fe-Cyt-cL,K14028,
Carbon,Biogeochemistry,Fermentation,Ethanol,"Mixed acid: ethanol, acetylaldehyde to ethanol","mdh2, mxaI",methanol dehydrogenase (cytochrome c) subunit 2 [EC:1.1.2.7],,D,Organic carbon,,K14029,
Carbon,Biogeochemistry,Fermentation,Ethanol,"Mixed acid: ethanol, Acetyl-CoA to acetylaldehyde (reversible)",hsaG,acetaldehyde/propanal dehydrogenase [EC:1.2.1.10 1.2.1.87],,D,Organic carbon,,K18366,
Carbon,Biogeochemistry,Fermentation,Formate,Mixed acid: formate to CO2 & H2,FDH,formate dehydrogenase [EC:1.17.1.9],,D,Formate,//NAD+,K00122,
Carbon,Biogeochemistry,Fermentation,Formate,Mixed acid: formate to CO2 & H2,"fdoG, fdhF, fdwA",formate dehydrogenase major subunit [EC:1.17.1.9],,D,Formate,//NAD+,K00123,
Carbon,Biogeochemistry,Fermentation,Formate,Mixed acid: formate to CO2 & H2,"fdoH, fdsB",formate dehydrogenase iron-sulfur subunit,,D,Formate,//NAD+,K00124,
Carbon,Biogeochemistry,Fermentation,Formate,Mixed acid: formate to CO2 & H2,fdhB,formate dehydrogenase (coenzyme F420) beta subunit [EC:1.17.98.3 1.8.98.6],,D,Formate,//NAD+,K00125,
Carbon,Biogeochemistry,Fermentation,Formate,Mixed acid: formate to CO2 & H2,fdsD,formate dehydrogenase subunit delta [EC:1.17.1.9],,D,Formate,//NAD+,K00126,
Carbon,Biogeochemistry,Fermentation,Formate,Mixed acid: formate to CO2 & H2,"fdoI, fdsG",formate dehydrogenase subunit gamma,,D,Formate,//NAD+,K00127,
Carbon,Biogeochemistry,Fermentation,Formate,Mixed acid: formate to CO2 & H2,fdwB,formate dehydrogenase beta subunit [EC:1.17.1.9],,D,Formate,,K22515,
Carbon,Biogeochemistry,Fermentation,Formate,Mixed acid: formate to CO2 & H2,fdhA,formate dehydrogenase (coenzyme F420) alpha subunit [EC:1.17.98.3 1.8.98.6],,D,Formate,,K22516,
Carbon,Biogeochemistry,Heterotrophy,Glycolysis,"Glycolysis (Embden-Meyerhof pathway), glucose => pyruvate","GAPDH, gapA",glyceraldehyde 3-phosphate dehydrogenase [EC:1.2.1.12],,D,Organic carbon,,K00134,
Carbon,Biogeochemistry,Heterotrophy,Glycolysis,"Glycolysis (Embden-Meyerhof pathway), glucose => pyruvate",gap2,glyceraldehyde-3-phosphate dehydrogenase (NAD(P)) [EC:1.2.1.59],,D,Organic carbon,,K00150,
Carbon,Biogeochemistry,Heterotrophy,Glycolysis,"Glycolysis (Embden-Meyerhof pathway), glucose => pyruvate",gapor,glyceraldehyde-3-phosphate dehydrogenase (ferredoxin) [EC:1.2.7.6],,D,Organic carbon,,K11389,
Carbon,Biogeochemistry,Methane,Methanogenesis,"Methanogenesis, acetate => methane",cdhC,"acetyl-CoA decarbonylase/synthase, CODH/ACS complex subunit beta [EC:2.3.1.169]",yes,A,CO2,,K00193,
Carbon,Biogeochemistry,Methane,Methanogenesis,"Methanogenesis, acetate => methane","cdhD, acsD","acetyl-CoA decarbonylase/synthase, CODH/ACS complex subunit delta [EC:2.1.1.245]",yes,A,CO2,,K00194,
Carbon,Biogeochemistry,Methane,Methanogenesis,"Methanogenesis, acetate => methane","cdhE, acsC","acetyl-CoA decarbonylase/synthase, CODH/ACS complex subunit gamma [EC:2.1.1.245]",yes,A,CO2,,K00197,
Carbon,Biogeochemistry,Methane,Methanogenesis,"Methanogenesis, CO2 => methane","fwdA, fmdA",formylmethanofuran dehydrogenase subunit A [EC:1.2.7.12],yes,D,Hydrogen,Mo / W,K00200,
Carbon,Biogeochemistry,Methane,Methanogenesis,"Methanogenesis, CO2 => methane","fwdB, fmdB",formylmethanofuran dehydrogenase subunit B [EC:1.2.7.12],yes,D,Hydrogen,,K00201,
Carbon,Biogeochemistry,Methane,Methanogenesis,"Methanogenesis, CO2 => methane","fwdC, fmdC",formylmethanofuran dehydrogenase subunit C [EC:1.2.7.12],,D,Hydrogen,,K00202,
Carbon,Biogeochemistry,Methane,Methanogenesis,"Methanogenesis, CO2 => methane","fwdD, fmdD",formylmethanofuran dehydrogenase subunit D [EC:1.2.7.12],yes,D,Hydrogen,,K00203,
Carbon,Biogeochemistry,Methane,Methanogenesis,"Methanogenesis, CO2 => methane",fwdH,4Fe-4S ferredoxin,,D,Hydrogen,,K00204,
Carbon,Biogeochemistry,Methane,Methanogenesis,"Methanogenesis, CO2 => methane","fwdF, fmdF",4Fe-4S ferredoxin,,D,Hydrogen,,K00205,
Carbon,Biogeochemistry,Methane,Methanogenesis,"Methanogenesis, acetate => methane",hdrA2,heterodisulfide reductase subunit A2 [EC:1.8.7.3 1.8.98.4 1.8.98.5 1.8.98.6],,D,Hydrogen,2Fe-2S ferredoxin,K03388,
Carbon,Biogeochemistry,Methane,Methanogenesis,"Methanogenesis, CO2 => methane",hdrA2,heterodisulfide reductase subunit A2 [EC:1.8.7.3 1.8.98.4 1.8.98.5 1.8.98.6],,D,Hydrogen,2Fe-2S ferredoxin,K03388,
Carbon,Biogeochemistry,Methane,Methanogenesis,"Methanogenesis, methanol => methane",hdrA2,heterodisulfide reductase subunit A2 [EC:1.8.7.3 1.8.98.4 1.8.98.5 1.8.98.6],,D,Hydrogen,2Fe-2S ferredoxin,K03388,
Carbon,Biogeochemistry,Methane,Methanogenesis,"Methanogenesis, acetate => methane",hdrB2,heterodisulfide reductase subunit B2 [EC:1.8.7.3 1.8.98.4 1.8.98.5 1.8.98.6],,D,Hydrogen,2Fe-2S-[ferredoxin,K03389,
Carbon,Biogeochemistry,Methane,Methanogenesis,"Methanogenesis, CO2 => methane",hdrB2,heterodisulfide reductase subunit B2 [EC:1.8.7.3 1.8.98.4 1.8.98.5 1.8.98.6],,D,Hydrogen,,K03389,
Carbon,Biogeochemistry,Methane,Methanogenesis,"Methanogenesis, methanol => methane",hdrB2,heterodisulfide reductase subunit B2 [EC:1.8.7.3 1.8.98.4 1.8.98.5 1.8.98.6],,D,Hydrogen,,K03389,
Carbon,Biogeochemistry,Methane,Methanogenesis,"Methanogenesis, acetate => methane",hdrC2,heterodisulfide reductase subunit C2 [EC:1.8.7.3 1.8.98.4 1.8.98.5 1.8.98.6],,D,Hydrogen,2Fe-2S-[ferredoxin,K03390,
Carbon,Biogeochemistry,Methane,Methanogenesis,"Methanogenesis, CO2 => methane",hdrC2,heterodisulfide reductase subunit C2 [EC:1.8.7.3 1.8.98.4 1.8.98.5 1.8.98.6],,D,Hydrogen,2Fe-2S-[ferredoxin,K03390,
Carbon,Biogeochemistry,Methane,Methanogenesis,"Methanogenesis, methanol => methane",hdrC2,heterodisulfide reductase subunit C2 [EC:1.8.7.3 1.8.98.4 1.8.98.5 1.8.98.6],,D,Hydrogen,2Fe-2S-[ferredoxin,K03390,
Carbon,Biogeochemistry,Methane,Methanogenesis,"Methanogenesis, acetate => methane",hdrD,heterodisulfide reductase subunit D [EC:1.8.98.1],,D,Hydrogen,4Fe - 4S,K08264,https://www.uniprot.org/uniprotkb/A0A0E3NEE1/entry
Carbon,Biogeochemistry,Methane,Methanogenesis,"Methanogenesis, CO2 => methane",hdrD,heterodisulfide reductase subunit D [EC:1.8.98.1],,D,Hydrogen,4Fe - 4S,K08264,
Carbon,Biogeochemistry,Methane,Methanogenesis,"Methanogenesis, methanol => methane",hdrD,heterodisulfide reductase subunit D [EC:1.8.98.1],,D,Hydrogen,4Fe - 4S,K08264,
Carbon,Biogeochemistry,Methane,Methanogenesis,"Methanogenesis, acetate => methane",hdrE,heterodisulfide reductase subunit E [EC:1.8.98.1],,D,Hydrogen,,K08265,
Carbon,Biogeochemistry,Methane,Methanogenesis,"Methanogenesis, CO2 => methane",hdrE,heterodisulfide reductase subunit E [EC:1.8.98.1],,D,Hydrogen,,K08265,
Carbon,Biogeochemistry,Methane,Methanogenesis,"Methanogenesis, methanol => methane",hdrE,heterodisulfide reductase subunit E [EC:1.8.98.1],,D,Hydrogen,,K08265,
Carbon,Biogeochemistry,Methane,Methanogenesis,"Methanogenesis, CO2 => methane",fwdG,4Fe-4S ferredoxin,,D,Hydrogen,,K11260,
Carbon,Biogeochemistry,Methane,Methanogenesis,"Methanogenesis, CO2 => methane","fwdE, fmdE",formylmethanofuran dehydrogenase subunit E [EC:1.2.7.12],yes,D,Hydrogen,,K11261,
Carbon,Biogeochemistry,Methane,Methanogenesis,"Methanogenesis, acetate => methane","mvhA, vhuA, vhcA",F420-non-reducing hydrogenase large subunit [EC:1.12.99.- 1.8.98.5],,D,Hydrogen,,K14126,
Carbon,Biogeochemistry,Methane,Methanogenesis,"Methanogenesis, CO2 => methane","mvhA, vhuA, vhcA",F420-non-reducing hydrogenase large subunit [EC:1.12.99.- 1.8.98.5],,D,Hydrogen,,K14126,
Carbon,Biogeochemistry,Methane,Methanogenesis,"Methanogenesis, methanol => methane","mvhA, vhuA, vhcA",F420-non-reducing hydrogenase large subunit [EC:1.12.99.- 1.8.98.5],,D,Hydrogen,,K14126,
Carbon,Biogeochemistry,Methane,Methanogenesis,"Methanogenesis, acetate => methane","mvhD, vhuD, vhcD",F420-non-reducing hydrogenase iron-sulfur subunit [EC:1.12.99.- 1.8.98.5 1.8.98.6],,D,Hydrogen,,K14127,
Carbon,Biogeochemistry,Methane,Methanogenesis,"Methanogenesis, CO2 => methane","mvhD, vhuD, vhcD",F420-non-reducing hydrogenase iron-sulfur subunit [EC:1.12.99.- 1.8.98.5 1.8.98.6],,D,Hydrogen,,K14127,
Carbon,Biogeochemistry,Methane,Methanogenesis,"Methanogenesis, methanol => methane","mvhD, vhuD, vhcD",F420-non-reducing hydrogenase iron-sulfur subunit [EC:1.12.99.- 1.8.98.5 1.8.98.6],,D,Hydrogen,,K14127,
Carbon,Biogeochemistry,Methane,Methanogenesis,"Methanogenesis, acetate => methane","mvhG, vhuG, vhcG",F420-non-reducing hydrogenase small subunit [EC:1.12.99.- 1.8.98.5],,D,Hydrogen,NiFe,K14128,
Carbon,Biogeochemistry,Methane,Methanogenesis,"Methanogenesis, CO2 => methane","mvhG, vhuG, vhcG",F420-non-reducing hydrogenase small subunit [EC:1.12.99.- 1.8.98.5],,D,Hydrogen,NiFe,K14128,
Carbon,Biogeochemistry,Methane,Methanogenesis,"Methanogenesis, methanol => methane","mvhG, vhuG, vhcG",F420-non-reducing hydrogenase small subunit [EC:1.12.99.- 1.8.98.5],,D,Hydrogen,NiFe,K14128,
Carbon,Biogeochemistry,Methane,Methanogenesis,"Methanogenesis, acetate => methane",hdrA1,heterodisulfide reductase subunit A1 [EC:1.8.7.3],,D,Hydrogen,,K22480,
Carbon,Biogeochemistry,Methane,Methanogenesis,"Methanogenesis, CO2 => methane",hdrA1,heterodisulfide reductase subunit A1 [EC:1.8.7.3],,D,Hydrogen,,K22480,
Carbon,Biogeochemistry,Methane,Methanogenesis,"Methanogenesis, methanol => methane",hdrA1,heterodisulfide reductase subunit A1 [EC:1.8.7.3],,D,Hydrogen,,K22480,
Carbon,Biogeochemistry,Methane,Methanogenesis,"Methanogenesis, acetate => methane",hdrB1,heterodisulfide reductase subunit B1 [EC:1.8.7.3],,D,Hydrogen,,K22481,
Carbon,Biogeochemistry,Methane,Methanogenesis,"Methanogenesis, CO2 => methane",hdrB1,heterodisulfide reductase subunit B1 [EC:1.8.7.3],,D,Hydrogen,,K22481,
Carbon,Biogeochemistry,Methane,Methanogenesis,"Methanogenesis, methanol => methane",hdrB1,heterodisulfide reductase subunit B1 [EC:1.8.7.3],,D,Hydrogen,,K22481,
Carbon,Biogeochemistry,Methane,Methanogenesis,"Methanogenesis, acetate => methane",hdrC1,heterodisulfide reductase subunit C1 [EC:1.8.7.3],,D,Hydrogen,,K22482,
Carbon,Biogeochemistry,Methane,Methanogenesis,"Methanogenesis, CO2 => methane",hdrC1,heterodisulfide reductase subunit C1 [EC:1.8.7.3],,D,Hydrogen,,K22482,
Carbon,Biogeochemistry,Methane,Methanogenesis,"Methanogenesis, methanol => methane",hdrC1,heterodisulfide reductase subunit C1 [EC:1.8.7.3],,D,Hydrogen,,K22482,
Carbon,Biogeochemistry,Methane,Methanogenesis,"Methanogenesis, acetate => methane",fdhB,formate dehydrogenase (coenzyme F420) beta subunit [EC:1.17.98.3 1.8.98.6],,D,Hydrogen/CO2,//NAD+,K00125,
Carbon,Biogeochemistry,Methane,Methanogenesis,"Methanogenesis, CO2 => methane",fdhB,formate dehydrogenase (coenzyme F420) beta subunit [EC:1.17.98.3 1.8.98.6],,D,Hydrogen/CO2,//NAD+,K00125,
Carbon,Biogeochemistry,Methane,Methanogenesis,"Methanogenesis, methanol => methane",fdhB,formate dehydrogenase (coenzyme F420) beta subunit [EC:1.17.98.3 1.8.98.6],,D,Hydrogen/CO2,//NAD+,K00125,
Carbon,Biogeochemistry,Methane,Methanogenesis,"Methanogenesis, acetate => methane",fdhA,formate dehydrogenase (coenzyme F420) alpha subunit [EC:1.17.98.3 1.8.98.6],,D,Hydrogen/CO2,,K22516,
Carbon,Biogeochemistry,Methane,Methanogenesis,"Methanogenesis, CO2 => methane",fdhA,formate dehydrogenase (coenzyme F420) alpha subunit [EC:1.17.98.3 1.8.98.6],,D,Hydrogen/CO2,,K22516,
Carbon,Biogeochemistry,Methane,Methanogenesis,"Methanogenesis, methanol => methane",fdhA,formate dehydrogenase (coenzyme F420) alpha subunit [EC:1.17.98.3 1.8.98.6],,D,Hydrogen/CO2,,K22516,
Carbon,Biogeochemistry,Methane,MethOx,"Methane oxidation, methane -> methanol",pmoA-amoA,methane/ammonia monooxygenase subunit A [EC:1.14.18.3 1.14.99.39],yes,A,Ammonia/Methane,Cu,K10944,
Carbon,Biogeochemistry,Methane,MethOx,"Methane oxidation, methane -> methanol",pmoB-amoB,methane/ammonia monooxygenase subunit B,yes,A,Ammonia/Methane,Cu,K10945,
Carbon,Biogeochemistry,Methane,MethOx,"Methane oxidation, methane -> methanol",pmoC-amoC,methane/ammonia monooxygenase subunit C,yes,A,Ammonia/Methane,Cu,K10946,
Carbon,Biogeochemistry,Methane,MethOx,"Methane oxidation, methane -> methanol",mmoX,methane monooxygenase component A alpha chain [EC:1.14.13.25],yes,A,Methane,"Cu,Fe",K16157,
Carbon,Biogeochemistry,Methane,MethOx,"Methane oxidation, methane -> methanol",mmoY,methane monooxygenase component A beta chain [EC:1.14.13.25],yes,A,Methane,"Cu,Fe",K16158,
Carbon,Biogeochemistry,Methane,MethOx,"Methane oxidation, methane -> methanol",mmoZ,methane monooxygenase component A gamma chain [EC:1.14.13.25],,A,Methane,"Cu,Fe",K16159,
Carbon,Biogeochemistry,Methane,MethOx,"Methane oxidation, methane -> methanol",mmoB,methane monooxygenase regulatory protein B,,A,Methane,,K16160,
Carbon,Biogeochemistry,Methane,MethOx,"Methane oxidation, methane -> methanol",mmoC,methane monooxygenase component C [EC:1.14.13.25],yes,A,Methane,"Cu,Fe",K16161,
Carbon,Biogeochemistry,Methane,MethOx,"Methane oxidation, methane -> methanol",mmoD,methane monooxygenase component D,,A,Methane,,K16162,
Carbon,Biogeochemistry,Methane,MethOx,"Methane oxidation, methanol -> Formaldehyde","mdh1, mxaF",methanol dehydrogenase (cytochrome c) subunit 1 [EC:1.1.2.7],yes,A,Methanol,Fe-Cyt-cL,K14028,
Carbon,Biogeochemistry,Methane,MethOx,"Methane oxidation, methanol -> Formaldehyde","mdh2, mxaI",methanol dehydrogenase (cytochrome c) subunit 2 [EC:1.1.2.7],yes,A,Methanol,,K14029,
Carbon,Biogeochemistry,Methane,MethOx,"Methane oxidation, methanol -> Formaldehyde",xoxF,lanthanide-dependent methanol dehydrogenase [EC:1.1.2.10],yes,A,Methanol,,K23995,
Carbon,Biogeochemistry,Heterotrophy,TCA,TCA cycle,mdh,malate dehydrogenase [EC:1.1.1.37],,D,Organic carbon,,K00024,
Carbon,Biogeochemistry,Heterotrophy,TCA,TCA cycle,MDH1,malate dehydrogenase [EC:1.1.1.37],,D,Organic carbon,,K00025,
Carbon,Biogeochemistry,Heterotrophy,TCA,TCA cycle,MDH2,malate dehydrogenase [EC:1.1.1.37],,D,Organic carbon,,K00026,
Carbon,Biogeochemistry,Heterotrophy,TCA,TCA cycle,IDH3,isocitrate dehydrogenase (NAD+) [EC:1.1.1.41],,D,Organic carbon,,K00030,
Carbon,Biogeochemistry,Heterotrophy,TCA,TCA cycle,"IDH1, IDH2, icd",isocitrate dehydrogenase [EC:1.1.1.42],,D,Organic carbon,,K00031,
Carbon,Biogeochemistry,Heterotrophy,TCA,TCA cycle,mqo,malate dehydrogenase (quinone) [EC:1.1.5.4],yes,D,Organic carbon,,K00116,
Carbon,Biogeochemistry,Heterotrophy,TCA,TCA cycle,"OGDH, sucA",2-oxoglutarate dehydrogenase E1 component [EC:1.2.4.2],yes,D,Organic carbon,,K00164,
Carbon,Biogeochemistry,Heterotrophy,TCA,TCA cycle,"SDHA, SDH1",succinate dehydrogenase (ubiquinone) flavoprotein subunit [EC:1.3.5.1],yes,D,Organic carbon,//,K00234,
Carbon,Biogeochemistry,Heterotrophy,TCA,TCA cycle,"SDHB, SDH2",succinate dehydrogenase (ubiquinone) iron-sulfur subunit [EC:1.3.5.1],yes,D,Organic carbon,,K00235,
Carbon,Biogeochemistry,Heterotrophy,TCA,TCA cycle,"SDHC, SDH3",succinate dehydrogenase (ubiquinone) cytochrome b560 subunit,yes,D,Organic carbon,,K00236,
Carbon,Biogeochemistry,Heterotrophy,TCA,TCA cycle,"SDHD, SDH4",succinate dehydrogenase (ubiquinone) membrane anchor subunit,yes,D,Organic carbon,,K00237,
Carbon,Biogeochemistry,Heterotrophy,TCA,TCA cycle,"sdhA, frdA","succinate dehydrogenase / fumarate reductase, flavoprotein subunit [EC:1.3.5.1 1.3.5.4]",yes,D,Organic carbon,,K00239,
Carbon,Biogeochemistry,Heterotrophy,TCA,TCA cycle,"sdhB, frdB","succinate dehydrogenase / fumarate reductase, iron-sulfur subunit [EC:1.3.5.1 1.3.5.4]",yes,D,Organic carbon,,K00240,
Carbon,Biogeochemistry,Heterotrophy,TCA,TCA cycle,"sdhC, frdC","succinate dehydrogenase / fumarate reductase, cytochrome b subunit",yes,D,Organic carbon,,K00241,
Carbon,Biogeochemistry,Heterotrophy,TCA,TCA cycle,"sdhD, frdD","succinate dehydrogenase / fumarate reductase, membrane anchor subunit",yes,D,Organic carbon,,K00242,
Carbon,Biogeochemistry,Heterotrophy,TCA,TCA cycle,frdA,fumarate reductase flavoprotein subunit [EC:1.3.5.4],yes,D,Organic carbon,//,K00244,
Carbon,Biogeochemistry,Heterotrophy,TCA,TCA cycle,frdB,fumarate reductase iron-sulfur subunit [EC:1.3.5.4],yes,D,Organic carbon,,K00245,
Carbon,Biogeochemistry,Heterotrophy,TCA,TCA cycle,frdC,fumarate reductase subunit C,yes,D,Organic carbon,,K00246,
Carbon,Biogeochemistry,Heterotrophy,TCA,TCA cycle,frdD,fumarate reductase subunit D,yes,D,Organic carbon,,K00247,
Carbon,Biogeochemistry,Heterotrophy,TCA,TCA cycle,"DLST, sucB",2-oxoglutarate dehydrogenase E2 component (dihydrolipoamide succinyltransferase) [EC:2.3.1.61],yes,D,Organic carbon,,K00658,
Carbon,Biogeochemistry,Heterotrophy,TCA,TCA cycle,"fumA, fumB","fumarate hydratase, class I [EC:4.2.1.2]",,D,Organic carbon,,K01676,
Carbon,Biogeochemistry,Heterotrophy,TCA,TCA cycle,fumA,fumarate hydratase subunit alpha [EC:4.2.1.2],,D,Organic carbon,,K01677,
Carbon,Biogeochemistry,Heterotrophy,TCA,TCA cycle,fumB,fumarate hydratase subunit beta [EC:4.2.1.2],,D,Organic carbon,,K01678,
Carbon,Biogeochemistry,Heterotrophy,TCA,TCA cycle,"fumC, FH","fumarate hydratase, class II [EC:4.2.1.2]",,D,Organic carbon,,K01679,
Carbon,Biogeochemistry,Carbon fixation,WL,Wood-Ljungdahl pathway,"cdhD, acsD","acetyl-CoA decarbonylase/synthase, CODH/ACS complex subunit delta [EC:2.1.1.245]",yes,A,CO2,,K00194,
Carbon,Biogeochemistry,Carbon fixation,WL,Wood-Ljungdahl pathway,"cdhE, acsC","acetyl-CoA decarbonylase/synthase, CODH/ACS complex subunit gamma [EC:2.1.1.245]",yes,A,CO2,,K00197,
Carbon,Biogeochemistry,Carbon fixation,WL,Wood-Ljungdahl pathway,"cooS, acsA",anaerobic carbon-monoxide dehydrogenase catalytic subunit [EC:1.2.7.4],yes,A,CO2,Ni-Fe-S,K00198,
Carbon,Biogeochemistry,Carbon fixation,WL,Wood-Ljungdahl pathway,fdhA,formate dehydrogenase (NADP+) alpha subunit [EC:1.17.1.10],yes,D,Hydrogen/CO2,"Mo (VI), W",K05299,
Carbon,Biogeochemistry,Carbon fixation,WL,Wood-Ljungdahl pathway,fdhB,formate dehydrogenase (NADP+) beta subunit [EC:1.17.1.10],yes,D,Hydrogen/CO2,,K15022,
Chlorite,Biogeochemistry,Chlorite,ClRed,Chlorite reduction,cld,chlorite dismutase [EC:1.13.11.49],,A,Chlorite,,K09162,
Chlorite,Biogeochemistry,Chlorite,pClRed,Perchlorate reduction,pcrA,"DMSO reductase family type II enzyme, molybdopterin subunit / Perchlorate reductase subunit alpha (EC:1.97.1.-)",,A,Perchlorate,,K17050,
Chlorite,Biogeochemistry,Chlorite,pClRed,Perchlorate reduction,pcrB,"DMSO reductase family type II enzyme, iron-sulfur subunit / Perchlorate reductase subunit beta",,A,Perchlorate,,K17051,
Chlorite,Biogeochemistry,Chlorite,pClRed,Perchlorate reduction,"serC, clrC","serC, clrC; selenate/chlorate reductase subunit gamma [ec:1.97.1.9,1.97.1.1]",,A,Perchlorate,,K17052,
Hydrogen,Biogeochemistry,Hydrogen,HydOx,Hydrogen oxidation,hoxHFUY,NAD-reducing hydrogenase large subunit [EC:1.12.1.2],yes,D,Hydrogen,,K00436,
Hydrogen,Biogeochemistry,Hydrogen,HydOx,Hydrogen oxidation,hydB,[NiFe] hydrogenase large subunit [EC:1.12.2.1],yes,D,Hydrogen,NiFe,K00437,
Hydrogen,Biogeochemistry,Hydrogen,HydOx,Hydrogen oxidation,frhA,coenzyme F420 hydrogenase subunit alpha [EC:1.12.98.1],,D,Hydrogen,NiFe,K00440,
Hydrogen,Biogeochemistry,Hydrogen,HydOx,Hydrogen oxidation,frhA,coenzyme F420 hydrogenase subunit beta [EC:1.12.98.1],yes,D,Hydrogen,NiFe,K00441,
Hydrogen,Biogeochemistry,Hydrogen,HydOx,Hydrogen oxidation,frhA,coenzyme F420 hydrogenase subunit delta,,D,Hydrogen,NiFe,K00442,
Hydrogen,Biogeochemistry,Hydrogen,HydOx,Hydrogen oxidation,frhA,coenzyme F420 hydrogenase subunit gamma [EC:1.12.98.1],,D,Hydrogen,NiFe,K00443,
Hydrogen,Biogeochemistry,Hydrogen,HydOx,Hydrogen oxidation,hupSL,ferrodoxin hydrogenase,,D,Hydrogen,,K00533,
Hydrogen,Biogeochemistry,Hydrogen,HydOx,Hydrogen oxidation,hydB,quinone-reactive Ni/Fe-hydrogenase large subunit [EC:1.12.5.1],yes,D,Hydrogen,NiFe,K05922,
Hydrogen,Biogeochemistry,Hydrogen,HydOx,Hydrogen oxidation,hydA,quinone-reactive Ni/Fe-hydrogenase small subunit [EC:1.12.5.1],yes,D,Hydrogen,NiFe,K05927,
Hydrogen,Biogeochemistry,Hydrogen,HydOx,Hydrogen oxidation,"hyaA, hybO",hydrogenase small subunit [EC:1.12.99.6],yes,D,Hydrogen,NiFe,K06282,
Hydrogen,Biogeochemistry,Hydrogen,HydOx,Hydrogen oxidation,echA,ech hydrogenase subunit A,,D,Hydrogen,NiFe,K14086,
Hydrogen,Biogeochemistry,Hydrogen,HydOx,Hydrogen oxidation,echB,ech hydrogenase subunit B,yes,D,Hydrogen,NiFe,K14087,
Hydrogen,Biogeochemistry,Hydrogen,HydOx,Hydrogen oxidation,echC,ech hydrogenase subunit C,,D,Hydrogen,NiFe,K14088,
Hydrogen,Biogeochemistry,Hydrogen,HydOx,Hydrogen oxidation,echD,ech hydrogenase subunit D,,D,Hydrogen,NiFe,K14089,
Hydrogen,Biogeochemistry,Hydrogen,HydOx,Hydrogen oxidation,echE,ech hydrogenase subunit E,yes,D,Hydrogen,NiFe,K14090,
Hydrogen,Biogeochemistry,Hydrogen,HydOx,Hydrogen oxidation,echF,ech hydrogenase subunit F,,D,Hydrogen,NiFe,K14091,
Hydrogen,Biogeochemistry,Hydrogen,HydOx,Hydrogen oxidation,ehaA,,,D,Hydrogen,NiFe,K14092,
Hydrogen,Biogeochemistry,Hydrogen,HydOx,Hydrogen oxidation,ehaB,,,D,Hydrogen,,K14093,
Hydrogen,Biogeochemistry,Hydrogen,HydOx,Hydrogen oxidation,ehaC,energy-converting hydrogenase A subunit A,,D,Hydrogen,,K14094,
Hydrogen,Biogeochemistry,Hydrogen,HydOx,Hydrogen oxidation,ehaD,energy-converting hydrogenase A subunit B,,D,Hydrogen,,K14095,
Hydrogen,Biogeochemistry,Hydrogen,HydOx,Hydrogen oxidation,ehaE,energy-converting hydrogenase A subunit C,,D,Hydrogen,,K14096,
Hydrogen,Biogeochemistry,Hydrogen,HydOx,Hydrogen oxidation,ehaF,energy-converting hydrogenase A subunit D,,D,Hydrogen,,K14097,
Hydrogen,Biogeochemistry,Hydrogen,HydOx,Hydrogen oxidation,ehaG,energy-converting hydrogenase A subunit E,,D,Hydrogen,,K14098,
Hydrogen,Biogeochemistry,Hydrogen,HydOx,Hydrogen oxidation,ehaH,energy-converting hydrogenase A subunit F,,D,Hydrogen,,K14099,
Hydrogen,Biogeochemistry,Hydrogen,HydOx,Hydrogen oxidation,ehaI,energy-converting hydrogenase A subunit G,,D,Hydrogen,,K14100,
Hydrogen,Biogeochemistry,Hydrogen,HydOx,Hydrogen oxidation,ehaJ,energy-converting hydrogenase A subunit H,,D,Hydrogen,,K14101,
Hydrogen,Biogeochemistry,Hydrogen,HydOx,Hydrogen oxidation,ehaK,energy-converting hydrogenase A subunit I,,D,Hydrogen,,K14102,
Hydrogen,Biogeochemistry,Hydrogen,HydOx,Hydrogen oxidation,ehaL,energy-converting hydrogenase A subunit J,,D,Hydrogen,,K14103,
Hydrogen,Biogeochemistry,Hydrogen,HydOx,Hydrogen oxidation,ehaM,energy-converting hydrogenase A subunit K,,D,Hydrogen,,K14104,
Hydrogen,Biogeochemistry,Hydrogen,HydOx,Hydrogen oxidation,ehaN,energy-converting hydrogenase A subunit L,,D,Hydrogen,,K14105,
Hydrogen,Biogeochemistry,Hydrogen,HydOx,Hydrogen oxidation,ehaO,energy-converting hydrogenase A subunit M,yes,D,Hydrogen,,K14106,
Hydrogen,Biogeochemistry,Hydrogen,HydOx,Hydrogen oxidation,ehaP,energy-converting hydrogenase A subunit N,,D,Hydrogen,,K14107,
Hydrogen,Biogeochemistry,Hydrogen,HydOx,Hydrogen oxidation,ehaQ,energy-converting hydrogenase A subunit O,,D,Hydrogen,,K14108,
Hydrogen,Biogeochemistry,Hydrogen,HydOx,Hydrogen oxidation,ehaR,energy-converting hydrogenase A subunit P,,D,Hydrogen,NiFe,K14109,
Hydrogen,Biogeochemistry,Hydrogen,HydOx,Hydrogen oxidation,ehbA,energy-converting hydrogenase A subunit Q,,D,Hydrogen,,K14110,
Hydrogen,Biogeochemistry,Hydrogen,HydOx,Hydrogen oxidation,ehbB,energy-converting hydrogenase A subunit R,,D,Hydrogen,,K14111,
Hydrogen,Biogeochemistry,Hydrogen,HydOx,Hydrogen oxidation,ehbC,energy-converting hydrogenase B subunit A,,D,Hydrogen,,K14112,
Hydrogen,Biogeochemistry,Hydrogen,HydOx,Hydrogen oxidation,ehbD,energy-converting hydrogenase B subunit B,,D,Hydrogen,,K14113,
Hydrogen,Biogeochemistry,Hydrogen,HydOx,Hydrogen oxidation,ehbE,energy-converting hydrogenase B subunit C,,D,Hydrogen,,K14114,
Hydrogen,Biogeochemistry,Hydrogen,HydOx,Hydrogen oxidation,ehbF,energy-converting hydrogenase B subunit F,,D,Hydrogen,,K14115,
Hydrogen,Biogeochemistry,Hydrogen,HydOx,Hydrogen oxidation,ehbG,energy-converting hydrogenase B subunit G,,D,Hydrogen,,K14116,
Hydrogen,Biogeochemistry,Hydrogen,HydOx,Hydrogen oxidation,ehbH,energy-converting hydrogenase B subunit H,yes,D,Hydrogen,,K14117,
Hydrogen,Biogeochemistry,Hydrogen,HydOx,Hydrogen oxidation,ehbI,energy-converting hydrogenase B subunit I,,D,Hydrogen,,K14118,
Hydrogen,Biogeochemistry,Hydrogen,HydOx,Hydrogen oxidation,ehbJ,energy-converting hydrogenase B subunit J,,D,Hydrogen,,K14119,
Hydrogen,Biogeochemistry,Hydrogen,HydOx,Hydrogen oxidation,ehbK,energy-converting hydrogenase B subunit K,,D,Hydrogen,,K14120,
Hydrogen,Biogeochemistry,Hydrogen,HydOx,Hydrogen oxidation,ehbL,energy-converting hydrogenase B subunit L,,D,Hydrogen,,K14121,
Hydrogen,Biogeochemistry,Hydrogen,HydOx,Hydrogen oxidation,ehbM,energy-converting hydrogenase B subunit M,,D,Hydrogen,,K14122,
Hydrogen,Biogeochemistry,Hydrogen,HydOx,Hydrogen oxidation,ehbN,energy-converting hydrogenase B subunit N,,D,Hydrogen,,K14123,
Hydrogen,Biogeochemistry,Hydrogen,HydOx,Hydrogen oxidation,ehbO,energy-converting hydrogenase B subunit O,,D,Hydrogen,,K14124,
Hydrogen,Biogeochemistry,Hydrogen,HydOx,Hydrogen oxidation,ehbP,energy-converting hydrogenase B subunit P,,D,Hydrogen,NiFe,K14125,
Hydrogen,Biogeochemistry,Hydrogen,HydOx,Hydrogen oxidation,"mvhA, vhuA, vhcA",F420-non-reducing hydrogenase large subunit [EC:1.12.99.- 1.8.98.5],yes,D,Hydrogen,,K14126,
Hydrogen,Biogeochemistry,Hydrogen,HydOx,Hydrogen oxidation,"mvhD, vhuD, vhcD",F420-non-reducing hydrogenase iron-sulfur subunit [EC:1.12.99.- 1.8.98.5 1.8.98.6],yes,D,Hydrogen,,K14127,
Hydrogen,Biogeochemistry,Hydrogen,HydOx,Hydrogen oxidation,"mvhG, vhuG, vhcG",F420-non-reducing hydrogenase small subunit [EC:1.12.99.- 1.8.98.5],yes,D,Hydrogen,NiFe,K14128,
Hydrogen,Biogeochemistry,Hydrogen,HydOx,Hydrogen oxidation,HycE,NiFe-hydrogenase diaphorase,yes,D,Hydrogen,NiFe,K18005,
Hydrogen,Biogeochemistry,Hydrogen,HydOx,Hydrogen oxidation,HycE,NiFe-hydrogenase diaphorase,yes,D,Hydrogen,NiFe,K18006,
Hydrogen,Biogeochemistry,Hydrogen,HydOx,Hydrogen oxidation,HycE,NiFe-hydrogenase diaphorase,yes,D,Hydrogen,NiFe,K18007,
Hydrogen,Biogeochemistry,Hydrogen,HydOx,Hydrogen oxidation,mbhLJK,membrane-bound hydrogenase,yes,D,Hydrogen,,K18016,
Hydrogen,Biogeochemistry,Hydrogen,HydOx,Hydrogen oxidation,fpoA,Directly couples oxidation of H2 to reduction of F420 during methanogenesis. Reverse reaction may also occur. Includes [NiFeSe] variants.,,D,Hydrogen,NiFe,K22158,
Iron,Biogeochemistry,Iron,FeOx,Iron Oxidation,fcr,ferric-chelate reductase,yes,D,Iron,,K00521,
Iron,Biogeochemistry,Iron,FeOx,Iron Oxidation,fth1,ferritin heavy chain,yes,D,Iron,,K00522,
Iron,Biogeochemistry,Iron,FeOx,Iron Oxidation,feR,ferric-chelate reductase [NAD(P)H],,D,Iron,//,K18915,
Iron,Biogeochemistry,Iron,FeOx,Iron Oxidation,cyc2,rusticyanin reductase,,D,Iron,,K20150,
Iron,Biogeochemistry,iron,FeOx,Iron Oxidation,yqjH,ferric-chelate reductase (NADPH),,D,Iron,,KO7229,
Nitrogen,Biogeochemistry,Nitrogen,Anammox,"Anammox - pathway 1,2",hzsA,Hydrazine synthase subunit A [EC 1.7.2.7],yes,A,Hydrazine,Fe,K20932,
Nitrogen,Biogeochemistry,Nitrogen,Anammox,"Anammox - pathway 1,2",hzsB,hydrazine synthase subunit B [EC 1.7.2.7],yes,A,Hydrazine,,K20933,
Nitrogen,Biogeochemistry,Nitrogen,Anammox,"Anammox - pathway 1,2",hzsC,hydrazine synthase subunit C [EC:1.7.2.7],yes,A,Hydrazine,,K20934,
Nitrogen,Biogeochemistry,Nitrogen,Anammox,"Anammox, hydrazine -> nitrogen (hdh) - pathway 2",hdh,hydrazine dehydrogenase [EC:1.7.2.8],yes,D,Hydrazine,Fe,K20935,
Nitrogen,Biogeochemistry,Nitrogen,Anammox,"Anammox, nitrite -> nitrate (nxrAB) - pathway 2","narG, narZ, nxrA","nitrate reductase / nitrite oxidoreductase, alpha subunit [EC:1.7.5.1 1.7.99.-]",yes,D,Nitrite,Mo,K00370,
Nitrogen,Biogeochemistry,Nitrogen,Anammox,"Anammox, nitrite -> nitrate (nxrAB) - pathway 2","narH, narY, nxrB","nitrate reductase / nitrite oxidoreductase, beta subunit [EC:1.7.5.1 1.7.99.-]",yes,D,Nitrite,,K00371,
Nitrogen,Biogeochemistry,Nitrogen,Anammox,"Anammox, nitrite -> nitric oxide (nirK or nirS) - pathway 1,2",nirK,nitrite reductase (NO-forming) [EC:1.7.2.1],yes,A,Nitrite,Cu,K00368,
Nitrogen,Biogeochemistry,Nitrogen,Anammox,"Anammox, nitrite -> nitric oxide (nirK or nirS)  - pathway 1,2",nirS,nitrite reductase (NO-forming) / hydroxylamine reductase [EC:1.7.2.1 1.7.99.1],yes,A,Nitrite,Fe,K15864,
Nitrogen,Biogeochemistry,Nitrogen,Denitrification,"Dissimilatory nitrate reduction, nitrate -> nitrite (narGHI or napAB)","narG, narZ, nxrA","nitrate reductase / nitrite oxidoreductase, alpha subunit [EC:1.7.5.1 1.7.99.-]",,A,Nitrate,Mo,K00370,
Nitrogen,Biogeochemistry,Nitrogen,Denitrification,"Dissimilatory nitrate reduction, nitrate -> nitrite (narGHI or napAB)","narH, narY, nxrB","nitrate reductase / nitrite oxidoreductase, beta subunit [EC:1.7.5.1 1.7.99.-]",yes,A,Nitrate,,K00371,
Nitrogen,Biogeochemistry,Nitrogen,Denitrification,"Dissimilatory nitrate reduction, nitrate -> nitrite (narGHI or napAB)","narI, narV",nitrate reductase gamma subunit [EC:1.7.5.1 1.7.99.-],,A,Nitrate,,K00374,
Nitrogen,Biogeochemistry,Nitrogen,Denitrification,"Dissimilatory nitrate reduction, nitrate -> nitrite (narGHI or napAB)",napA,nitrate reductase (cytochrome) [EC:1.9.6.1],yes,A,Nitrate,Mo,K02567,
Nitrogen,Biogeochemistry,Nitrogen,Denitrification,"Dissimilatory nitrate reduction, nitrate -> nitrite (narGHI or napAB)",napB,"nitrate reductase (cytochrome), electron transfer subunit",yes,A,Nitrate,,K02568,
Nitrogen,Biogeochemistry,Nitrogen,Denitrification,"Denitrification, nitric oxide -> nitrous oxide (norBC)",norC,nitric oxide reductase subunit C,yes,A,Nitric oxide,,K02305,
Nitrogen,Biogeochemistry,Nitrogen,Denitrification,"Denitrification, nitric oxide -> nitrous oxide (norBC)",norB,nitric oxide reductase subunit B [EC:1.7.2.5],yes,A,Nitric oxide,Fe,K04561,
Nitrogen,Biogeochemistry,Nitrogen,Denitrification,"Dissimilatory nitrate reduction, nitrite -> ammonia (nirBD or nrfAH)",nirB,nitrite reductase (NADH) large subunit [EC:1.7.1.15],yes,A,Nitrite,,K00362,
Nitrogen,Biogeochemistry,Nitrogen,Denitrification,"Dissimilatory nitrate reduction, nitrite -> ammonia (nirBD or nrfAH)",nirD,nitrite reductase (NADH) small subunit [EC:1.7.1.15],yes,A,Nitrite,Fe,K00363,
Nitrogen,Biogeochemistry,Nitrogen,Denitrification,"Denitrification, nitrite -> nitric oxide (nirK or nirS)",nirK,nitrite reductase (NO-forming) [EC:1.7.2.1],yes,A,Nitrite,Cu,K00368,
Nitrogen,Biogeochemistry,Nitrogen,Denitrification,"Dissimilatory nitrate reduction, nitrite -> ammonia (nirBD or nrfAH)",nrfA,nitrite reductase (cytochrome c-552) [EC:1.7.2.2],yes,A,Nitrite,Fe,K03385,
Nitrogen,Biogeochemistry,Nitrogen,Denitrification,Nitrite reduction,nrfD,"cytochrome c nitrite reductase, NrfD subunit [EC:1.7.2.2]",yes,A,Nitrite,,K04015,
Nitrogen,Biogeochemistry,Nitrogen,Denitrification,"Denitrification, nitrite -> nitric oxide (nirK or nirS)",nirS,nitrite reductase (NO-forming) / hydroxylamine reductase [EC:1.7.2.1 1.7.99.1],yes,A,Nitrite,Fe,K15864,
Nitrogen,Biogeochemistry,Nitrogen,Denitrification,"Dissimilatory nitrate reduction, nitrite -> ammonia (nirBD or nrfAH)",nrfH,cytochrome c nitrite reductase small subunit,yes,A,Nitrite,,K15876,
Nitrogen,Biogeochemistry,Nitrogen,Denitrification,Nitrite reduction,NIT-6,nitrite reductase (NAD(P)H) [EC:1.7.1.4],yes,A,Nitrite,,K17877,
Nitrogen,Biogeochemistry,Nitrogen,Denitrification,"Denitrification, nitrous oxide -> nitrogen (nosZ)",nosZ,nitrous-oxide reductase [EC:1.7.2.4],yes,A,Nitrous oxide,Cu,K00376,
Nitrogen,Biogeochemistry,Nitrogen,Nitrification,"Nitrification, ammonia -> hydroxylamine (amoABC)",pmoA-amoA,methane/ammonia monooxygenase subunit A [EC:1.14.18.3 1.14.99.39],yes,D,Ammonia/Methane,Cu,K10944,
Nitrogen,Biogeochemistry,Nitrogen,Nitrification,"Nitrification, ammonia -> hydroxylamine (amoABC)",pmoB-amoB,methane/ammonia monooxygenase subunit B,yes,D,Ammonia/Methane,Cu,K10945,
Nitrogen,Biogeochemistry,Nitrogen,Nitrification,"Nitrification, ammonia -> hydroxylamine (amoABC)",pmoC-amoC,methane/ammonia monooxygenase subunit C,yes,D,Ammonia/Methane,Cu,K10946,
Nitrogen,Biogeochemistry,Nitrogen,Nitrification,"Nitrification, hydroxylamine -> nitrite (hao)",hao,hydroxylamine dehydrogenase [EC:1.7.2.6],yes,D,Hydroxylamine,Fe,K10535,
Nitrogen,Biogeochemistry,Nitrogen,Nitrification,"Nitrification, nitrite -> nitrate (nxrAB)","narG, narZ, nxrA","nitrate reductase / nitrite oxidoreductase, alpha subunit [EC:1.7.5.1 1.7.99.-]",yes,D,Nitrite,Mo,K00370,
Nitrogen,Biogeochemistry,Nitrogen,Nitrification,"Nitrification, nitrite -> nitrate (nxrAB)","narH, narY, nxrB","nitrate reductase / nitrite oxidoreductase, beta subunit [EC:1.7.5.1 1.7.99.-]",yes,D,Nitrite,,K00371,
Oxygen,Biogeochemistry,Oxygen respiration,Oxygen respiration,Oxidation of pyruvate coupled to oxidation of oxygen,poxL,pyruvate oxidase [EC:1.2.3.3],yes,A,Lactate,,K00158,
Oxygen,Biogeochemistry,Oxygen respiration,Oxygen respiration,Oxidation of lactate coupled to oxidation of oxygen,lctO,lactate 2-monooxygenase [EC:1.13.12.4],,A,Lactate,FMN,K01067,
Oxygen,Biogeochemistry,Oxygen respiration,Oxygen respiration,"Cytochrome c oxidase, cbb3-type",ccoN,cytochrome c oxidase cbb3-type subunit I,yes,A,Oxygen,Cu,K00404,
Oxygen,Biogeochemistry,Oxygen respiration,Oxygen respiration,"Cytochrome c oxidase, cbb3-type",ccoO,cytochrome c oxidase cbb3-type subunit II,yes,A,Oxygen,Cu,K00405,
Oxygen,Biogeochemistry,Oxygen respiration,Oxygen respiration,"Cytochrome c oxidase, cbb3-type",ccoP,cytochrome c oxidase cbb3-type subunit III,yes,A,Oxygen,Cu,K00406,
Oxygen,Biogeochemistry,Oxygen respiration,Oxygen respiration,"Cytochrome c oxidase, cbb3-type",ccoQ,cytochrome c oxidase cbb3-type subunit IV,yes,A,Oxygen,Cu,K00407,
Oxygen,Biogeochemistry,Oxygen respiration,Oxygen respiration,Cytochrome bc1 complex,fbcH,ubiquinol-cytochrome c reductase cytochrome b/c1 subunit,yes,A,Oxygen,Fe(III),K00410,
Oxygen,Biogeochemistry,Oxygen respiration,Oxygen respiration,Cytochrome bc1 complex,"UQCRFS1, RIP1, petA",ubiquinol-cytochrome c reductase iron-sulfur subunit [EC:7.1.1.8],yes,A,Oxygen,//,K00411,
Oxygen,Biogeochemistry,Oxygen respiration,Oxygen respiration,Cytochrome bc1 complex,"CYTB, petB",ubiquinol-cytochrome c reductase cytochrome b subunit,yes,A,Oxygen,,K00412,
Oxygen,Biogeochemistry,Oxygen respiration,Oxygen respiration,Cytochrome bc1 complex,"CYC1, CYT1, petC",ubiquinol-cytochrome c reductase cytochrome c1 subunit,yes,A,Oxygen,,K00413,
Oxygen,Biogeochemistry,Oxygen respiration,Oxygen respiration,Cytochrome bc1 complex,"QCR1, UQCRC1",ubiquinol-cytochrome c reductase core subunit 1,yes,A,Oxygen,,K00414,
Oxygen,Biogeochemistry,Oxygen respiration,Oxygen respiration,Cytochrome bc1 complex,"QCR2, UQCRC2",ubiquinol-cytochrome c reductase core subunit 2,yes,A,Oxygen,,K00415,
Oxygen,Biogeochemistry,Oxygen respiration,Oxygen respiration,Cytochrome bc1 complex,"QCR6, UQCRH",ubiquinol-cytochrome c reductase subunit 6,yes,A,Oxygen,,K00416,
Oxygen,Biogeochemistry,Oxygen respiration,Oxygen respiration,Cytochrome bc1 complex,"QCR7, UQCRB",ubiquinol-cytochrome c reductase subunit 7,yes,A,Oxygen,,K00417,
Oxygen,Biogeochemistry,Oxygen respiration,Oxygen respiration,Cytochrome bc1 complex,"QCR8, UQCRQ",ubiquinol-cytochrome c reductase subunit 8,yes,A,Oxygen,,K00418,
Oxygen,Biogeochemistry,Oxygen respiration,Oxygen respiration,Cytochrome bc1 complex,"QCR9, UCRC",ubiquinol-cytochrome c reductase subunit 9,,A,Oxygen,,K00419,
Oxygen,Biogeochemistry,Oxygen respiration,Oxygen respiration,Cytochrome bc1 complex,"QCR10, UQCR",ubiquinol-cytochrome c reductase subunit 10,,A,Oxygen,,K00420,
Oxygen,Biogeochemistry,Oxygen respiration,Oxygen respiration,Cytochrome bd ubiquinol oxidase,cydX,cytochrome bd-I ubiquinol oxidase subunit X,yes,A,Oxygen,,K00424,
Oxygen,Biogeochemistry,Oxygen respiration,Oxygen respiration,Cytochrome bd ubiquinol oxidase,cydA,cytochrome bd ubiquinol oxidase subunit I,yes,A,Oxygen,Fe,K00425,
Oxygen,Biogeochemistry,Oxygen respiration,Oxygen respiration,Cytochrome bd ubiquinol oxidase,cydB,cytochrome bd ubiquinol oxidase subunit II,yes,A,Oxygen,Fe,K00426,
Oxygen,Biogeochemistry,Oxygen respiration,Oxygen respiration,"Oxygen metabolism - cytochrome (quinone) oxidase, bo type",cyoE,heme o synthase [EC:2.5.1.141],yes,A,Oxygen,,K02257,
Oxygen,Biogeochemistry,Oxygen respiration,Oxygen respiration,"Cytochrome c oxidase, prokaryotes","coxA, ctaD",cytochrome c oxidase subunit I [EC:1.9.3.1],yes,A,Oxygen,Cu,K02274,
Oxygen,Biogeochemistry,Oxygen respiration,Oxygen respiration,"Cytochrome c oxidase, prokaryotes","coxB, ctaC",cytochrome c oxidase subunit II [EC:1.9.3.1],yes,A,Oxygen,Cu,K02275,
Oxygen,Biogeochemistry,Oxygen respiration,Oxygen respiration,"Cytochrome c oxidase, prokaryotes","coxC, ctaE",cytochrome c oxidase subunit III [EC:1.9.3.1],yes,A,Oxygen,Cu,K02276,
Oxygen,Biogeochemistry,Oxygen respiration,Oxygen respiration,"Cytochrome c oxidase, prokaryotes","coxD, ctaF",cytochrome c oxidase subunit IV [EC:1.9.3.1] (non-essential),yes,A,Oxygen,Cu,K02277,
Oxygen,Biogeochemistry,Oxygen respiration,Oxygen respiration,Cytochrome o ubiquinol oxidase,cyoA,cytochrome o ubiquinol oxidase subunit II [EC:7.1.1.3],yes,A,Oxygen,Cu,K02297,
Oxygen,Biogeochemistry,Oxygen respiration,Oxygen respiration,Cytochrome o ubiquinol oxidase,cyoB,cytochrome o ubiquinol oxidase subunit I [EC:7.1.1.3],yes,A,Oxygen,Cu,K02298,
Oxygen,Biogeochemistry,Oxygen respiration,Oxygen respiration,Cytochrome o ubiquinol oxidase,cyoC,cytochrome o ubiquinol oxidase subunit III,yes,A,Oxygen,Cu,K02299,
Oxygen,Biogeochemistry,Oxygen respiration,Oxygen respiration,Cytochrome o ubiquinol oxidase,cyoD,cytochrome o ubiquinol oxidase subunit IV,yes,A,Oxygen,Cu,K02300,
Oxygen,Biogeochemistry,Oxygen respiration,Oxygen respiration,Cytochrome aa3-600 menaquinol oxidase,qoxA,cytochrome aa3-600 menaquinol oxidase subunit II [EC:7.1.1.5],yes,A,Oxygen,Cu,K02826,
Oxygen,Biogeochemistry,Oxygen respiration,Oxygen respiration,Cytochrome aa3-600 menaquinol oxidase,qoxB,cytochrome aa3-600 menaquinol oxidase subunit I [EC:7.1.1.5],yes,A,Oxygen,Cu,K02827,
Oxygen,Biogeochemistry,Oxygen respiration,Oxygen respiration,Cytochrome aa3-600 menaquinol oxidase,qoxC,cytochrome aa3-600 menaquinol oxidase subunit III [EC:7.1.1.5],yes,A,Oxygen,Cu,K02828,
Oxygen,Biogeochemistry,Oxygen respiration,Oxygen respiration,Cytochrome aa3-600 menaquinol oxidase,qoxD,cytochrome aa3-600 menaquinol oxidase subunit IV [EC:7.1.1.5],yes,A,Oxygen,Cu,K02829,
Oxygen,Biogeochemistry,Oxygen respiration,Oxygen respiration,"Cytochrome c oxidase, prokaryotes",coxAC,cytochrome c oxidase subunit I+III [EC:1.9.3.1],yes,A,Oxygen,,K15408,
Oxygen,Biogeochemistry,Oxygen respiration,Oxygen respiration,"Cytochrome c oxidase, cbb3-type",ccoNO,cytochrome c oxidase cbb3-type subunit I/II (ccoNO can replace the combination of ccoN and ccoO),yes,A,Oxygen,,K15862,
Oxygen,Biogeochemistry,Oxygen respiration,Oxygen respiration,Cytochrome bd ubiquinol oxidase,appX,cytochrome bd-II ubiquinol oxidase subunit AppX,,A,Oxygen,,K22501,
Oxygen,Biogeochemistry,Oxygen respiration,Oxygen respiration,Oxidation of lactate coupled to oxidation of oxygen,lctO,lactate 2-monooxygenase [EC:1.13.12.4],,A,Pyruvate,//,K00467,
Photosynthesis,Biogeochemistry,Photosystem,Oxygenic photosynthesis,Photosystem II (psbABCDEF),psbA,photosystem II P680 reaction center D1 protein,yes,D,Water,//,K02703,
Selenium,Biogeochemistry,Selenium,SeRed,Selenate reduction,ygfK,putative selenate reductase [EC:1.97.1.9],,A,Selenate,,K12527,
Selenium,Biogeochemistry,Selenium,SeRed,Selenate reduction,xdhD,"probable selenate reductase, molybdenum-binding subunit",,A,Selenate,,K12528,
Selenium,Biogeochemistry,Selenium,SeRed,Selenate reduction,ygfM,putative selenate reductase FAD-binding subunit,,A,Selenate,,K12529,
Sulfur,Biogeochemistry,Sulfur,DMSORed,"DMSO reduction, DMSO -> DMS (dms or dorA)",dmsB,dimethyl sulfoxide reductase iron-sulfur subunit,yes,A,DMSO,,K00184,
Sulfur,Biogeochemistry,Sulfur,DMSORed,"DMSO reduction, DMSO -> DMS (dms or dorA)",dmsC,dimethyl sulfoxide reductase membrane subunit,yes,A,DMSO,,K00185,
Sulfur,Biogeochemistry,Sulfur,DMSORed,"DMSO reduction, DMSO -> DMS (dms or dorA)",dmsA,anaerobic dimethyl sulfoxide reductase subunit A [EC:1.8.5.3],yes,A,DMSO,Mo,K07306,
Sulfur,Biogeochemistry,Sulfur,DMSORed,"DMSO reduction, DMSO -> DMS (dms or dorA)",dmsB,anaerobic dimethyl sulfoxide reductase subunit B,yes,A,DMSO,Mo,K07307,
Sulfur,Biogeochemistry,Sulfur,DMSORed,"DMSO reduction, DMSO -> DMS (dms or dorA)",dmsC,anaerobic dimethyl sulfoxide reductase subunit C,yes,A,DMSO,,K07308,
Sulfur,Biogeochemistry,Sulfur,DMSOx,"DMS oxidation, DMS -> DMSO (ddhABC or tmm)",ddhA,dimethylsulfide dehydrogenase subunit alpha [EC:1.8.2.4],,D,DMS,Mo,K16964,
Sulfur,Biogeochemistry,Sulfur,DMSOx,"DMS oxidation, DMS -> DMSO (ddhABC or tmm)",ddhB,dimethylsulfide dehydrogenase subunit beta,yes,D,DMS,,K16965,
Sulfur,Biogeochemistry,Sulfur,DMSOx,"DMS oxidation, DMS -> DMSO (ddhABC or tmm)",ddhC,dimethylsulfide dehydrogenase subunit gamma,,D,DMS,Mo,K16966,
Sulfur,Biogeochemistry,Sulfur,DMSOx,"DMS oxidation, DMS -> DMSO (ddhABC or tmm)",tmm,trimethylamine monooxygenase [EC:1.14.13.148],yes,D,DMS,,K18277,
Sulfur,Biogeochemistry,Sulfur,SulfateRed,"Dissimilatory sulfate reduction, sulfate -> sulfite (reversible) (sat and aprAB)",aprA,"adenylylsulfate reductase, subunit A [EC:1.8.99.2]",yes,A,Sulfate,//,K00394,
Sulfur,Biogeochemistry,Sulfur,SulfateRed,"Dissimilatory sulfate reduction, sulfate -> sulfite (reversible) (sat and aprAB)",aprB,"adenylylsulfate reductase, subunit B [EC:1.8.99.2]",yes,A,Sulfate,//,K00395,
Sulfur,Biogeochemistry,Sulfur,SulfateRed,"Dissimilatory sulfate reduction, sulfite -> sulfide (reversible) (dsrAB)",dsrA,dissimilatory sulfite reductase alpha subunit [EC:1.8.99.5],yes,A,Sulfate,Fe,K11180,
Sulfur,Biogeochemistry,Sulfur,SulfateRed,"Dissimilatory sulfate reduction, sulfite -> sulfide (reversible) (dsrAB)",dsrB,dissimilatory sulfite reductase beta subunit [EC:1.8.99.5],yes,A,Sulfate,,K11181,
Sulfur,Biogeochemistry,Sulfur,SulfateRed,"Dissimilatory sulfate reduction, sulfite -> sulfide (reversible) (dsrAB)",dsrC,dissimilatory sulfite reductase M subunit [EC:1.8.5.10],yes,A,Sulfate,,K27187,
Sulfur,Biogeochemistry,Sulfur,SulfideOx,"Sulfite oxidation, sulfite -> sulfate (sorB, SUOX, soeABC)",sorA,sulfite dehydrogenase (cytochrome C) [EC:1.8.2.1],yes,D,Sulfide,Mo,K05301,
Sulfur,Biogeochemistry,Sulfur,SulfideOx,Sulfide oxidation,sqr,sulfide:quinone oxidoreductase [EC:1.8.5.4],yes,D,Sulfide,//,K17218,
Sulfur,Biogeochemistry,Sulfur,SulfideOx,"Sulfide oxidation, sulfide -> sulfur (fccAB)",fccB,sulfide dehydrogenase [flavocytochrome c] flavoprotein chain,,D,Sulfide,Fe(III),K17229,
Sulfur,Biogeochemistry,Sulfur,SulfideOx,"Sulfide oxidation, sulfide -> sulfur (fccAB)",fccA,cytochrome subunit of sulfide dehydrogenase,yes,D,Sulfide,,K17230,
Sulfur,Biogeochemistry,Sulfur,SulfideOx,"Sulfhydrogenase, (sulfide)n -> (sulfide)n-1",hydA,sulfhydrogenase subunit alpha,yes,D,Sulfide,//,K17993,
Sulfur,Biogeochemistry,Sulfur,SulfideOx,"Sulfhydrogenase, (sulfide)n -> (sulfide)n-1",hydD,sulfhydrogenase subunit delta,,D,Sulfide,//,K17994,
Sulfur,Biogeochemistry,Sulfur,SulfideOx,"Sulfhydrogenase, (sulfide)n -> (sulfide)n-1",hydG,sulfhydrogenase subunit gamma (sulfur reductase),,D,Sulfide,,K17995,
Sulfur,Biogeochemistry,Sulfur,SulfideOx,"Sulfhydrogenase, (sulfide)n -> (sulfide)n-1",hydB,sulfhydrogenase subunit beta (sulfur reductase),yes,D,Sulfide,,K17996,
Sulfur,Biogeochemistry,Sulfur,SulfiteOx,"Sulfite oxidation, sulfite -> sulfate (sorB, SUOX, soeABC)",SUOX,sulfite oxidase [EC:1.8.3.1],yes,D,Sulfite,,K00387,
Sulfur,Biogeochemistry,Sulfur,SulfiteOx,"Sulfite oxidation, sulfite -> sulfate (sorB, SUOX, soeABC)",soeA,sulfite dehydrogenase (quinone) subunit SoeA [EC:1.8.5.6],yes,D,Sulfite,Mo,K21307,
Sulfur,Biogeochemistry,Sulfur,SulfiteOx,"Sulfite oxidation, sulfite -> sulfate (sorB, SUOX, soeABC)",soeB,sulfite dehydrogenase (quinone) subunit SoeB,yes,D,Sulfite,,K21308,
Sulfur,Biogeochemistry,Sulfur,SulfiteOx,"Sulfite oxidation, sulfite -> sulfate (sorB, SUOX, soeABC)",soeC,sulfite dehydrogenase (quinone) subunit SoeC,yes,D,Sulfite,,K21309,
Sulfur,Biogeochemistry,Sulfur,SulfiteRed,Sulfite reduction,asrC,anaerobic sulfite reductase subunit C,yes,A,Sulfite,,K00385,
Sulfur,Biogeochemistry,Sulfur,SulfiteRed,Sulfite reduction,asrA,anaerobic sulfite reductase subunit A,yes,A,Sulfite,,K16950,
Sulfur,Biogeochemistry,Sulfur,SulfiteRed,Sulfite reduction,asrB,anaerobic sulfite reductase subunit B,yes,A,Sulfite,,K16951,
Sulfur,Biogeochemistry,Sulfur,SulfurOx,"Sulfur disproportionation, sulfur -> sulfide & sulfite",sor,sulfur oxygenase/reductase [EC:1.13.11.55],yes,"A,D",Sulfur,Fe,K16952,
Sulfur,Biogeochemistry,Sulfur,SulfurOx,Sulfur oxidation,sdo,sulfur dioxygenase [EC:1.13.11.18],yes,D,Sulfur,Fe,K17725,
Sulfur,Biogeochemistry,Sulfur,SulfurOx,thiosulfate => sulfur + sulfate + thiosulfate,tetH,tetrathionate hydrolase [EC:3.12.1.-],,D,Thiosulfate,,K27925,
Sulfur,Biogeochemistry,Sulfur,SulfurRed,"Sulfur reduction, sulfur -> sulfide (sreABC)",sreA,sulfur reductase molybdopterin subunit,yes,A,Sulfur,?,K17219,
Sulfur,Biogeochemistry,Sulfur,SulfurRed,"Sulfur reduction, sulfur -> sulfide (sreABC)",sreB,sulfur reductase FeS subunit,yes,A,Sulfur,,K17220,
Sulfur,Biogeochemistry,Sulfur,SulfurRed,"Sulfur reduction, sulfur -> sulfide (sreABC)",sreC,sulfur reductase membrane anchor,yes,A,Sulfur,,K17221,
Sulfur,Biogeochemistry,Sulfur,ThioDis,"Thiosulfate disproportionation, thiosulfate -> sulfide & sulfite (phsABC)",PhsA/psrA,thiosulfate reductase / polysulfide reductase chain A [EC:1.8.5.5],yes,"A,D",Thiosulfate,Mo,K08352,
Sulfur,Biogeochemistry,Sulfur,ThioDis,"Thiosulfate disproportionation, thiosulfate -> sulfide & sulfite (phsABC)",phsB,thiosulfate reductase electron transport protein,yes,"A,D",Thiosulfate,,K08353,
Sulfur,Biogeochemistry,Sulfur,ThioDis,"Thiosulfate disproportionation, thiosulfate -> sulfide & sulfite (phsABC)",phsC,thiosulfate reductase cytochrome b subunit,yes,"A,D",Thiosulfate,,K08354,
Sulfur,Biogeochemistry,Sulfur,ThioOX,Alternative thiosulfate oxidation (doxAD),doxA,thiosulfate dehydrogenase [quinone] small subunit [EC:1.8.5.2],yes,D,Thiosulfate,//,K16936,
Sulfur,Biogeochemistry,Sulfur,ThioOX,Alternative thiosulfate oxidation (doxAD),doxD,thiosulfate dehydrogenase [quinone] large subunit [EC:1.8.5.2],yes,D,Thiosulfate,,K16937,
Sulfur,Biogeochemistry,Sulfur,ThioOx,"Thiosulfate oxidation by SOX complex, thiosulfate -> sulfate",soxA,L-cysteine S-thiosulfotransferase [EC:2.8.5.2],,D,Thiosulfate,Fe(III),K17222,
Sulfur,Biogeochemistry,Sulfur,ThioOx,"Thiosulfate oxidation by SOX complex, thiosulfate -> sulfate",soxX,L-cysteine S-thiosulfotransferase [EC:2.8.5.2],,D,Thiosulfate,Fe(III),K17223,
Sulfur,Biogeochemistry,Sulfur,ThioOx,"Thiosulfate oxidation by SOX complex, thiosulfate -> sulfate",soxB,S-sulfosulfanyl-L-cysteine sulfohydrolase [EC:3.1.6.20],,D,Thiosulfate,Fe(III),K17224,
Sulfur,Biogeochemistry,Sulfur,ThioOx,"Thiosulfate oxidation by SOX complex, thiosulfate -> sulfate",soxC,sulfane dehydrogenase subunit SoxC,yes,D,Thiosulfate,MoCo,K17225,
Sulfur,Biogeochemistry,Sulfur,ThioOx,"Thiosulfate oxidation by SOX complex, thiosulfate -> sulfate",soxY,sulfur-oxidizing protein SoxY,,D,Thiosulfate,Fe(III),K17226,
Sulfur,Biogeochemistry,Sulfur,ThioOx,"Thiosulfate oxidation by SOX complex, thiosulfate -> sulfate",soxZ,sulfur-oxidizing protein SoxZ,,D,Thiosulfate,Fe(III),K17227,
Sulfur,Biogeochemistry,Sulfur,ThioOX,Alternative thiosulfate oxidation (tsdA),tsdA,thiosulfate dehydrogenase [EC:1.8.2.2],yes,D,Thiosulfate,Fe,K19713,
Sulfur,Biogeochemistry,Sulfur,ThioOx,"Thiosulfate oxidation by SOX complex, thiosulfate -> sulfate",soxD,S-disulfanyl-L-cysteine oxidoreductase SoxD [EC:1.8.2.6],yes,D,Thiosulfate,,K22622,